	module id	gene name	median expression	mean pairwise dist	median pairwise dist	min pairwise dist	max pairwise dist	range pairwise dist	operon_name
PA14_69350	67		225.42930670942997	20112.666666666668	18340.0	280.0	36560.0	36280.0
PA14_51540	18		178.801350436866	21756.0	23660.0	10.0	36200.0	36190.0
PA14_51530	18	exoU	1593.6621784813	21756.0	23660.0	10.0	36200.0	36190.0	exoU-spcU
PA14_40470	18		230.63750726127304	21756.0	23660.0	10.0	36200.0	36190.0
PA14_22600	67		35.7696638680081	20112.666666666668	18340.0	280.0	36560.0	36280.0	PA14_22590-PA14_22600
PA14_01770	18		114.045897189398	21756.0	23660.0	10.0	36200.0	36190.0	PA14_01780-PA14_01770
PA14_28360	38		144.28293352332	23066.666666666668	34570.0	30.0	34600.0	34570.0
PA14_67210	38		256.53140978736303	23066.666666666668	34570.0	30.0	34600.0	34570.0	PA14_67230-PA14_67220-PA14_67210-PA14_67200-PA14_67190-PA14_67180
PA14_67180	38		226.296897159622	23066.666666666668	34570.0	30.0	34600.0	34570.0	PA14_67230-PA14_67220-PA14_67210-PA14_67200-PA14_67190-PA14_67180
PA14_59160	67		28.075532559408998	20112.666666666668	18340.0	280.0	36560.0	36280.0
PA14_28470	67		43.1983537804883	20112.666666666668	18340.0	280.0	36560.0	36280.0
PA14_14310	18		114.18998169155	21756.0	23660.0	10.0	36200.0	36190.0	PA14_14310-PA14_14300
PA14_14300	18		34.0478951601648	21756.0	23660.0	10.0	36200.0	36190.0	PA14_14310-PA14_14300
PA14_40820	67		49.549351174254106	20112.666666666668	18340.0	280.0	36560.0	36280.0
PA14_28750	67		39.8471639226434	20112.666666666668	18340.0	280.0	36560.0	36280.0
