	module id	gene name	median expression	mean pairwise dist	median pairwise dist	min pairwise dist	max pairwise dist	range pairwise dist	operon_name
PA14_64430	13		71.53310027596964	20629.333333333332	20900.0	3320.0	36670.0	33350.0
PA14_61110	13		44.35118920704305	20629.333333333332	20900.0	3320.0	36670.0	33350.0	PA14_61150-PA14_61140-PA14_61130-PA14_61120-PA14_61110
PA14_55240	13		30.00154391595354	20629.333333333332	20900.0	3320.0	36670.0	33350.0
PA14_24360	13		80.21151284293128	20629.333333333332	20900.0	3320.0	36670.0	33350.0
PA14_45260	13		74.03209766334734	20629.333333333332	20900.0	3320.0	36670.0	33350.0	ccmC-PA14_45340-ccmE-ccmF-ccmG-ccmH-cycH-PA14_45260
PA14_15160	13		33.17288167819285	20629.333333333332	20900.0	3320.0	36670.0	33350.0	PA14_15200-PA14_15190-PA14_15180-PA14_15160
